--------------------------------------------------------
-- Archivo creado  - viernes-diciembre-17-2021   
--------------------------------------------------------
--------------------------------------------------------
--  DDL for Table ALERTA
--------------------------------------------------------

  CREATE TABLE "ADMIN"."ALERTA" 
   (	"ID_ALERTA" VARCHAR2(20 BYTE), 
	"DESCRIPTION" VARCHAR2(500 BYTE)
   ) SEGMENT CREATION IMMEDIATE 
  PCTFREE 10 PCTUSED 40 INITRANS 1 MAXTRANS 255 
 NOCOMPRESS LOGGING
  STORAGE(INITIAL 65536 NEXT 1048576 MINEXTENTS 1 MAXEXTENTS 2147483645
  PCTINCREASE 0 FREELISTS 1 FREELIST GROUPS 1
  BUFFER_POOL DEFAULT FLASH_CACHE DEFAULT CELL_FLASH_CACHE DEFAULT)
  TABLESPACE "USERS" ;
--------------------------------------------------------
--  DDL for Table CATEGORY
--------------------------------------------------------

  CREATE TABLE "ADMIN"."CATEGORY" 
   (	"ID_CATEGORY" VARCHAR2(20 BYTE), 
	"NAME" VARCHAR2(500 BYTE), 
	"DESCRIPTION" VARCHAR2(500 BYTE)
   ) SEGMENT CREATION IMMEDIATE 
  PCTFREE 10 PCTUSED 40 INITRANS 1 MAXTRANS 255 
 NOCOMPRESS LOGGING
  STORAGE(INITIAL 65536 NEXT 1048576 MINEXTENTS 1 MAXEXTENTS 2147483645
  PCTINCREASE 0 FREELISTS 1 FREELIST GROUPS 1
  BUFFER_POOL DEFAULT FLASH_CACHE DEFAULT CELL_FLASH_CACHE DEFAULT)
  TABLESPACE "USERS" ;
--------------------------------------------------------
--  DDL for Table INGREDIENT
--------------------------------------------------------

  CREATE TABLE "ADMIN"."INGREDIENT" 
   (	"ID_INGR" VARCHAR2(20 BYTE), 
	"NAME" VARCHAR2(500 BYTE), 
	"ACT_STOCK" NUMBER(10,2), 
	"MIN_STOCK" NUMBER(10,2), 
	"MAX_STOCK" NUMBER(10,2), 
	"MEASURE" VARCHAR2(50 BYTE)
   ) SEGMENT CREATION IMMEDIATE 
  PCTFREE 10 PCTUSED 40 INITRANS 1 MAXTRANS 255 
 NOCOMPRESS LOGGING
  STORAGE(INITIAL 65536 NEXT 1048576 MINEXTENTS 1 MAXEXTENTS 2147483645
  PCTINCREASE 0 FREELISTS 1 FREELIST GROUPS 1
  BUFFER_POOL DEFAULT FLASH_CACHE DEFAULT CELL_FLASH_CACHE DEFAULT)
  TABLESPACE "USERS" ;
--------------------------------------------------------
--  DDL for Table INVOICE
--------------------------------------------------------

  CREATE TABLE "ADMIN"."INVOICE" 
   (	"ID_INVOICE" VARCHAR2(20 BYTE), 
	"DATE_I" DATE, 
	"TOTAL" NUMBER(10,2), 
	"SUBTOTAL" NUMBER(10,2), 
	"IVA" NUMBER(10,2)
   ) SEGMENT CREATION IMMEDIATE 
  PCTFREE 10 PCTUSED 40 INITRANS 1 MAXTRANS 255 
 NOCOMPRESS LOGGING
  STORAGE(INITIAL 65536 NEXT 1048576 MINEXTENTS 1 MAXEXTENTS 2147483645
  PCTINCREASE 0 FREELISTS 1 FREELIST GROUPS 1
  BUFFER_POOL DEFAULT FLASH_CACHE DEFAULT CELL_FLASH_CACHE DEFAULT)
  TABLESPACE "USERS" ;
--------------------------------------------------------
--  DDL for Table ORDER_DETAIL
--------------------------------------------------------

  CREATE TABLE "ADMIN"."ORDER_DETAIL" 
   (	"ID_ORDER_DETAIL" VARCHAR2(20 BYTE), 
	"ID_ORDER" VARCHAR2(20 BYTE), 
	"ID_PLATE" VARCHAR2(20 BYTE), 
	"RATIONS" NUMBER(5,2), 
	"REMARK" VARCHAR2(50 BYTE)
   ) SEGMENT CREATION IMMEDIATE 
  PCTFREE 10 PCTUSED 40 INITRANS 1 MAXTRANS 255 
 NOCOMPRESS LOGGING
  STORAGE(INITIAL 65536 NEXT 1048576 MINEXTENTS 1 MAXEXTENTS 2147483645
  PCTINCREASE 0 FREELISTS 1 FREELIST GROUPS 1
  BUFFER_POOL DEFAULT FLASH_CACHE DEFAULT CELL_FLASH_CACHE DEFAULT)
  TABLESPACE "USERS" ;
--------------------------------------------------------
--  DDL for Table ORDER_REST
--------------------------------------------------------

  CREATE TABLE "ADMIN"."ORDER_REST" 
   (	"ID_ORDER" VARCHAR2(20 BYTE), 
	"TABLE_NUMBER" VARCHAR2(20 BYTE), 
	"ID_WAITER" VARCHAR2(20 BYTE), 
	"DATE_O" DATE, 
	"DINERS" NUMBER(5,0), 
	"REMARK" VARCHAR2(50 BYTE), 
	"PLATES" VARCHAR2(20 BYTE)
   ) SEGMENT CREATION IMMEDIATE 
  PCTFREE 10 PCTUSED 40 INITRANS 1 MAXTRANS 255 
 NOCOMPRESS LOGGING
  STORAGE(INITIAL 65536 NEXT 1048576 MINEXTENTS 1 MAXEXTENTS 2147483645
  PCTINCREASE 0 FREELISTS 1 FREELIST GROUPS 1
  BUFFER_POOL DEFAULT FLASH_CACHE DEFAULT CELL_FLASH_CACHE DEFAULT)
  TABLESPACE "USERS" ;
--------------------------------------------------------
--  DDL for Table PLATE
--------------------------------------------------------

  CREATE TABLE "ADMIN"."PLATE" 
   (	"ID_PLATE" VARCHAR2(20 BYTE), 
	"ID_CATEGORY" VARCHAR2(20 BYTE), 
	"TITLE" VARCHAR2(500 BYTE), 
	"RATIONS" NUMBER(5,2), 
	"PRICE" NUMBER(10,2), 
	"ENABLED" NUMBER(1,0), 
	"DESCRIPTION" VARCHAR2(500 BYTE), 
	"VEGETARIAN" NUMBER(1,0)
   ) SEGMENT CREATION IMMEDIATE 
  PCTFREE 10 PCTUSED 40 INITRANS 1 MAXTRANS 255 
 NOCOMPRESS LOGGING
  STORAGE(INITIAL 65536 NEXT 1048576 MINEXTENTS 1 MAXEXTENTS 2147483645
  PCTINCREASE 0 FREELISTS 1 FREELIST GROUPS 1
  BUFFER_POOL DEFAULT FLASH_CACHE DEFAULT CELL_FLASH_CACHE DEFAULT)
  TABLESPACE "USERS" ;
--------------------------------------------------------
--  DDL for Table RECIPE
--------------------------------------------------------

  CREATE TABLE "ADMIN"."RECIPE" 
   (	"ID_RECIPE" VARCHAR2(20 BYTE), 
	"TITLE" VARCHAR2(100 BYTE), 
	"DESCRIPTION" VARCHAR2(500 BYTE), 
	"INGREDIENT" VARCHAR2(20 BYTE)
   ) SEGMENT CREATION IMMEDIATE 
  PCTFREE 10 PCTUSED 40 INITRANS 1 MAXTRANS 255 
 NOCOMPRESS LOGGING
  STORAGE(INITIAL 65536 NEXT 1048576 MINEXTENTS 1 MAXEXTENTS 2147483645
  PCTINCREASE 0 FREELISTS 1 FREELIST GROUPS 1
  BUFFER_POOL DEFAULT FLASH_CACHE DEFAULT CELL_FLASH_CACHE DEFAULT)
  TABLESPACE "USERS" ;
--------------------------------------------------------
--  DDL for Table STOCK
--------------------------------------------------------

  CREATE TABLE "ADMIN"."STOCK" 
   (	"ID_STOCK" VARCHAR2(20 BYTE), 
	"NAME" VARCHAR2(50 BYTE)
   ) SEGMENT CREATION IMMEDIATE 
  PCTFREE 10 PCTUSED 40 INITRANS 1 MAXTRANS 255 
 NOCOMPRESS LOGGING
  STORAGE(INITIAL 65536 NEXT 1048576 MINEXTENTS 1 MAXEXTENTS 2147483645
  PCTINCREASE 0 FREELISTS 1 FREELIST GROUPS 1
  BUFFER_POOL DEFAULT FLASH_CACHE DEFAULT CELL_FLASH_CACHE DEFAULT)
  TABLESPACE "USERS" ;
--------------------------------------------------------
--  DDL for Table TABLE_REST
--------------------------------------------------------

  CREATE TABLE "ADMIN"."TABLE_REST" 
   (	"ID_TABLE" VARCHAR2(20 BYTE), 
	"MAX_DINERS" NUMBER(10,2), 
	"ACT_DINERS" NUMBER(10,2), 
	"ENABLED" NUMBER(1,0), 
	"RESERVED" NUMBER(1,0)
   ) SEGMENT CREATION IMMEDIATE 
  PCTFREE 10 PCTUSED 40 INITRANS 1 MAXTRANS 255 
 NOCOMPRESS LOGGING
  STORAGE(INITIAL 65536 NEXT 1048576 MINEXTENTS 1 MAXEXTENTS 2147483645
  PCTINCREASE 0 FREELISTS 1 FREELIST GROUPS 1
  BUFFER_POOL DEFAULT FLASH_CACHE DEFAULT CELL_FLASH_CACHE DEFAULT)
  TABLESPACE "USERS" ;
--------------------------------------------------------
--  DDL for Table WAITER
--------------------------------------------------------

  CREATE TABLE "ADMIN"."WAITER" 
   (	"ID_WAITER" VARCHAR2(20 BYTE), 
	"NAME" VARCHAR2(500 BYTE)
   ) SEGMENT CREATION IMMEDIATE 
  PCTFREE 10 PCTUSED 40 INITRANS 1 MAXTRANS 255 
 NOCOMPRESS LOGGING
  STORAGE(INITIAL 65536 NEXT 1048576 MINEXTENTS 1 MAXEXTENTS 2147483645
  PCTINCREASE 0 FREELISTS 1 FREELIST GROUPS 1
  BUFFER_POOL DEFAULT FLASH_CACHE DEFAULT CELL_FLASH_CACHE DEFAULT)
  TABLESPACE "USERS" ;
REM INSERTING into ADMIN.ALERTA
SET DEFINE OFF;
Insert into ADMIN.ALERTA (ID_ALERTA,DESCRIPTION) values ('14','La harina esta bajo mimimos de stock');
REM INSERTING into ADMIN.CATEGORY
SET DEFINE OFF;
Insert into ADMIN.CATEGORY (ID_CATEGORY,NAME,DESCRIPTION) values ('1','Primeros Platos','En esta categoria estan los platos que se sirven de primero');
Insert into ADMIN.CATEGORY (ID_CATEGORY,NAME,DESCRIPTION) values ('2','Segundos Platos','En esta categoria estan los platos que se sirven de segundo');
REM INSERTING into ADMIN.INGREDIENT
SET DEFINE OFF;
Insert into ADMIN.INGREDIENT (ID_INGR,NAME,ACT_STOCK,MIN_STOCK,MAX_STOCK,MEASURE) values ('1','tomate','5','2','10','kg');
Insert into ADMIN.INGREDIENT (ID_INGR,NAME,ACT_STOCK,MIN_STOCK,MAX_STOCK,MEASURE) values ('3','tofu','5','1','8','kg');
Insert into ADMIN.INGREDIENT (ID_INGR,NAME,ACT_STOCK,MIN_STOCK,MAX_STOCK,MEASURE) values ('4','patata','5','4','10','kg');
Insert into ADMIN.INGREDIENT (ID_INGR,NAME,ACT_STOCK,MIN_STOCK,MAX_STOCK,MEASURE) values ('6','atun','2','1','5','kg');
Insert into ADMIN.INGREDIENT (ID_INGR,NAME,ACT_STOCK,MIN_STOCK,MAX_STOCK,MEASURE) values ('8','garbanzos','5','2','7','kg');
Insert into ADMIN.INGREDIENT (ID_INGR,NAME,ACT_STOCK,MIN_STOCK,MAX_STOCK,MEASURE) values ('9','fideos','2','1','3','kg');
Insert into ADMIN.INGREDIENT (ID_INGR,NAME,ACT_STOCK,MIN_STOCK,MAX_STOCK,MEASURE) values ('10','carne cocido','3','2','7','kg');
Insert into ADMIN.INGREDIENT (ID_INGR,NAME,ACT_STOCK,MIN_STOCK,MAX_STOCK,MEASURE) values ('11','solomillo de cerdo','3','2','8','kg');
Insert into ADMIN.INGREDIENT (ID_INGR,NAME,ACT_STOCK,MIN_STOCK,MAX_STOCK,MEASURE) values ('12','nata para cocinar','2000','1000','3000','ml');
Insert into ADMIN.INGREDIENT (ID_INGR,NAME,ACT_STOCK,MIN_STOCK,MAX_STOCK,MEASURE) values ('13','salmonetes','4','2','10','kg');
Insert into ADMIN.INGREDIENT (ID_INGR,NAME,ACT_STOCK,MIN_STOCK,MAX_STOCK,MEASURE) values ('14','harina','0,5','1','3','kg');
REM INSERTING into ADMIN.INVOICE
SET DEFINE OFF;
Insert into ADMIN.INVOICE (ID_INVOICE,DATE_I,TOTAL,SUBTOTAL,IVA) values ('1',to_date('15/12/21','DD/MM/RR'),'80','20','6');
Insert into ADMIN.INVOICE (ID_INVOICE,DATE_I,TOTAL,SUBTOTAL,IVA) values ('2',to_date('15/12/21','DD/MM/RR'),'100','25','10');
Insert into ADMIN.INVOICE (ID_INVOICE,DATE_I,TOTAL,SUBTOTAL,IVA) values ('3',to_date('15/12/21','DD/MM/RR'),'60','15','5,5');
REM INSERTING into ADMIN.ORDER_DETAIL
SET DEFINE OFF;
Insert into ADMIN.ORDER_DETAIL (ID_ORDER_DETAIL,ID_ORDER,ID_PLATE,RATIONS,REMARK) values ('1','1','5','1','el solomillo lo querian sin salsa');
Insert into ADMIN.ORDER_DETAIL (ID_ORDER_DETAIL,ID_ORDER,ID_PLATE,RATIONS,REMARK) values ('2','2','3','1',null);
Insert into ADMIN.ORDER_DETAIL (ID_ORDER_DETAIL,ID_ORDER,ID_PLATE,RATIONS,REMARK) values ('3','3','4','1','la hamburguesa la quieren al punto');
REM INSERTING into ADMIN.ORDER_REST
SET DEFINE OFF;
Insert into ADMIN.ORDER_REST (ID_ORDER,TABLE_NUMBER,ID_WAITER,DATE_O,DINERS,REMARK,PLATES) values ('1','2','1',to_date('15/12/21','DD/MM/RR'),'4','el solomillo lo querian sin salsa','5');
Insert into ADMIN.ORDER_REST (ID_ORDER,TABLE_NUMBER,ID_WAITER,DATE_O,DINERS,REMARK,PLATES) values ('2','4','2',to_date('15/12/21','DD/MM/RR'),'3',null,'3');
Insert into ADMIN.ORDER_REST (ID_ORDER,TABLE_NUMBER,ID_WAITER,DATE_O,DINERS,REMARK,PLATES) values ('3','6','3',to_date('15/12/21','DD/MM/RR'),'5','la hamburguesa la quieren al punto','4');
REM INSERTING into ADMIN.PLATE
SET DEFINE OFF;
Insert into ADMIN.PLATE (ID_PLATE,ID_CATEGORY,TITLE,RATIONS,PRICE,ENABLED,DESCRIPTION,VEGETARIAN) values ('1','1','macarrones con tomate','1','5','1','macarrones con salsa de tomate y tofu','1');
Insert into ADMIN.PLATE (ID_PLATE,ID_CATEGORY,TITLE,RATIONS,PRICE,ENABLED,DESCRIPTION,VEGETARIAN) values ('2','1','ensalada de verano','5','7','1','ensalada con patata cocida, piminetos atun y cebolla','0');
Insert into ADMIN.PLATE (ID_PLATE,ID_CATEGORY,TITLE,RATIONS,PRICE,ENABLED,DESCRIPTION,VEGETARIAN) values ('3','1','cocido madrileño','3','10','0',' cocido servido con dos vuelcos, primero servimos la sopa, y despues los garbanzos con sus arreglos','0');
Insert into ADMIN.PLATE (ID_PLATE,ID_CATEGORY,TITLE,RATIONS,PRICE,ENABLED,DESCRIPTION,VEGETARIAN) values ('4','2','hamburguesa vegetariana','2','8','1','hamburguesa con carne de tofu','1');
Insert into ADMIN.PLATE (ID_PLATE,ID_CATEGORY,TITLE,RATIONS,PRICE,ENABLED,DESCRIPTION,VEGETARIAN) values ('5','2','solomillo de cerdo','4','12','1','solomillo de cerdo con salsa de pimienta','0');
Insert into ADMIN.PLATE (ID_PLATE,ID_CATEGORY,TITLE,RATIONS,PRICE,ENABLED,DESCRIPTION,VEGETARIAN) values ('6','2','salmonetes','1','9','6','salmonetes rebozados','0');
REM INSERTING into ADMIN.RECIPE
SET DEFINE OFF;
Insert into ADMIN.RECIPE (ID_RECIPE,TITLE,DESCRIPTION,INGREDIENT) values ('2','ensalada de verano','cocemos las patatas y añadimos los pimientos el atun y la cebolla','4');
Insert into ADMIN.RECIPE (ID_RECIPE,TITLE,DESCRIPTION,INGREDIENT) values ('3','cocido madrileño','intoducir los garbanzos con carne de cocido en olla expres y esperar 35 minutos','8');
Insert into ADMIN.RECIPE (ID_RECIPE,TITLE,DESCRIPTION,INGREDIENT) values ('4','hamburguesa vegetariana','hacer hamburguesa con tofu, y freirla en la sarten','3');
Insert into ADMIN.RECIPE (ID_RECIPE,TITLE,DESCRIPTION,INGREDIENT) values ('5','solomillo de cerdo','sellar la carne , y despues realizar la salsa','11');
Insert into ADMIN.RECIPE (ID_RECIPE,TITLE,DESCRIPTION,INGREDIENT) values ('6','salmonetes','rebozar los salmonetes y despues hacerlos con aceite','13');
REM INSERTING into ADMIN.STOCK
SET DEFINE OFF;
Insert into ADMIN.STOCK (ID_STOCK,NAME) values ('1','tomate');
Insert into ADMIN.STOCK (ID_STOCK,NAME) values ('3','tofu');
Insert into ADMIN.STOCK (ID_STOCK,NAME) values ('4','patata');
Insert into ADMIN.STOCK (ID_STOCK,NAME) values ('6','atun');
Insert into ADMIN.STOCK (ID_STOCK,NAME) values ('8','garbanzos');
Insert into ADMIN.STOCK (ID_STOCK,NAME) values ('9','fideos');
Insert into ADMIN.STOCK (ID_STOCK,NAME) values ('10','carne cocido');
Insert into ADMIN.STOCK (ID_STOCK,NAME) values ('11','solomillo de cerdo');
Insert into ADMIN.STOCK (ID_STOCK,NAME) values ('12','nata para cocinar');
Insert into ADMIN.STOCK (ID_STOCK,NAME) values ('13','salmonetes');
Insert into ADMIN.STOCK (ID_STOCK,NAME) values ('14','harina');
REM INSERTING into ADMIN.TABLE_REST
SET DEFINE OFF;
Insert into ADMIN.TABLE_REST (ID_TABLE,MAX_DINERS,ACT_DINERS,ENABLED,RESERVED) values ('1','10','0','1','0');
Insert into ADMIN.TABLE_REST (ID_TABLE,MAX_DINERS,ACT_DINERS,ENABLED,RESERVED) values ('2','5','5','0','0');
Insert into ADMIN.TABLE_REST (ID_TABLE,MAX_DINERS,ACT_DINERS,ENABLED,RESERVED) values ('3','8','0','0','1');
Insert into ADMIN.TABLE_REST (ID_TABLE,MAX_DINERS,ACT_DINERS,ENABLED,RESERVED) values ('4','3','2','0','0');
Insert into ADMIN.TABLE_REST (ID_TABLE,MAX_DINERS,ACT_DINERS,ENABLED,RESERVED) values ('5','2','0','1','0');
Insert into ADMIN.TABLE_REST (ID_TABLE,MAX_DINERS,ACT_DINERS,ENABLED,RESERVED) values ('6','6','6','0','0');
Insert into ADMIN.TABLE_REST (ID_TABLE,MAX_DINERS,ACT_DINERS,ENABLED,RESERVED) values ('7','10','0','0','1');
Insert into ADMIN.TABLE_REST (ID_TABLE,MAX_DINERS,ACT_DINERS,ENABLED,RESERVED) values ('8','8','7','0','0');
Insert into ADMIN.TABLE_REST (ID_TABLE,MAX_DINERS,ACT_DINERS,ENABLED,RESERVED) values ('9','2','0','1','0');
Insert into ADMIN.TABLE_REST (ID_TABLE,MAX_DINERS,ACT_DINERS,ENABLED,RESERVED) values ('10','15','0','1','0');
REM INSERTING into ADMIN.WAITER
SET DEFINE OFF;
Insert into ADMIN.WAITER (ID_WAITER,NAME) values ('1','Jesus Martin Moraleda');
Insert into ADMIN.WAITER (ID_WAITER,NAME) values ('2','Jorge Arevalo Echevarria');
Insert into ADMIN.WAITER (ID_WAITER,NAME) values ('3','Mingo Eres una Maquina');
--------------------------------------------------------
--  Constraints for Table ORDER_REST
--------------------------------------------------------

  ALTER TABLE "ADMIN"."ORDER_REST" ADD PRIMARY KEY ("ID_ORDER")
  USING INDEX PCTFREE 10 INITRANS 2 MAXTRANS 255 
  STORAGE(INITIAL 65536 NEXT 1048576 MINEXTENTS 1 MAXEXTENTS 2147483645
  PCTINCREASE 0 FREELISTS 1 FREELIST GROUPS 1
  BUFFER_POOL DEFAULT FLASH_CACHE DEFAULT CELL_FLASH_CACHE DEFAULT)
  TABLESPACE "USERS"  ENABLE;
--------------------------------------------------------
--  Constraints for Table CATEGORY
--------------------------------------------------------

  ALTER TABLE "ADMIN"."CATEGORY" ADD PRIMARY KEY ("ID_CATEGORY")
  USING INDEX PCTFREE 10 INITRANS 2 MAXTRANS 255 
  STORAGE(INITIAL 65536 NEXT 1048576 MINEXTENTS 1 MAXEXTENTS 2147483645
  PCTINCREASE 0 FREELISTS 1 FREELIST GROUPS 1
  BUFFER_POOL DEFAULT FLASH_CACHE DEFAULT CELL_FLASH_CACHE DEFAULT)
  TABLESPACE "USERS"  ENABLE;
--------------------------------------------------------
--  Constraints for Table ALERTA
--------------------------------------------------------

  ALTER TABLE "ADMIN"."ALERTA" ADD PRIMARY KEY ("ID_ALERTA")
  USING INDEX PCTFREE 10 INITRANS 2 MAXTRANS 255 
  STORAGE(INITIAL 65536 NEXT 1048576 MINEXTENTS 1 MAXEXTENTS 2147483645
  PCTINCREASE 0 FREELISTS 1 FREELIST GROUPS 1
  BUFFER_POOL DEFAULT FLASH_CACHE DEFAULT CELL_FLASH_CACHE DEFAULT)
  TABLESPACE "USERS"  ENABLE;
--------------------------------------------------------
--  Constraints for Table STOCK
--------------------------------------------------------

  ALTER TABLE "ADMIN"."STOCK" ADD PRIMARY KEY ("ID_STOCK")
  USING INDEX PCTFREE 10 INITRANS 2 MAXTRANS 255 
  STORAGE(INITIAL 65536 NEXT 1048576 MINEXTENTS 1 MAXEXTENTS 2147483645
  PCTINCREASE 0 FREELISTS 1 FREELIST GROUPS 1
  BUFFER_POOL DEFAULT FLASH_CACHE DEFAULT CELL_FLASH_CACHE DEFAULT)
  TABLESPACE "USERS"  ENABLE;
--------------------------------------------------------
--  Constraints for Table INVOICE
--------------------------------------------------------

  ALTER TABLE "ADMIN"."INVOICE" ADD PRIMARY KEY ("ID_INVOICE")
  USING INDEX PCTFREE 10 INITRANS 2 MAXTRANS 255 
  STORAGE(INITIAL 65536 NEXT 1048576 MINEXTENTS 1 MAXEXTENTS 2147483645
  PCTINCREASE 0 FREELISTS 1 FREELIST GROUPS 1
  BUFFER_POOL DEFAULT FLASH_CACHE DEFAULT CELL_FLASH_CACHE DEFAULT)
  TABLESPACE "USERS"  ENABLE;
--------------------------------------------------------
--  Constraints for Table INGREDIENT
--------------------------------------------------------

  ALTER TABLE "ADMIN"."INGREDIENT" ADD PRIMARY KEY ("ID_INGR")
  USING INDEX PCTFREE 10 INITRANS 2 MAXTRANS 255 
  STORAGE(INITIAL 65536 NEXT 1048576 MINEXTENTS 1 MAXEXTENTS 2147483645
  PCTINCREASE 0 FREELISTS 1 FREELIST GROUPS 1
  BUFFER_POOL DEFAULT FLASH_CACHE DEFAULT CELL_FLASH_CACHE DEFAULT)
  TABLESPACE "USERS"  ENABLE;
--------------------------------------------------------
--  Constraints for Table TABLE_REST
--------------------------------------------------------

  ALTER TABLE "ADMIN"."TABLE_REST" ADD PRIMARY KEY ("ID_TABLE")
  USING INDEX PCTFREE 10 INITRANS 2 MAXTRANS 255 
  STORAGE(INITIAL 65536 NEXT 1048576 MINEXTENTS 1 MAXEXTENTS 2147483645
  PCTINCREASE 0 FREELISTS 1 FREELIST GROUPS 1
  BUFFER_POOL DEFAULT FLASH_CACHE DEFAULT CELL_FLASH_CACHE DEFAULT)
  TABLESPACE "USERS"  ENABLE;
--------------------------------------------------------
--  Constraints for Table WAITER
--------------------------------------------------------

  ALTER TABLE "ADMIN"."WAITER" ADD PRIMARY KEY ("ID_WAITER")
  USING INDEX PCTFREE 10 INITRANS 2 MAXTRANS 255 
  STORAGE(INITIAL 65536 NEXT 1048576 MINEXTENTS 1 MAXEXTENTS 2147483645
  PCTINCREASE 0 FREELISTS 1 FREELIST GROUPS 1
  BUFFER_POOL DEFAULT FLASH_CACHE DEFAULT CELL_FLASH_CACHE DEFAULT)
  TABLESPACE "USERS"  ENABLE;
--------------------------------------------------------
--  Constraints for Table ORDER_DETAIL
--------------------------------------------------------

  ALTER TABLE "ADMIN"."ORDER_DETAIL" ADD PRIMARY KEY ("ID_ORDER_DETAIL")
  USING INDEX PCTFREE 10 INITRANS 2 MAXTRANS 255 
  STORAGE(INITIAL 65536 NEXT 1048576 MINEXTENTS 1 MAXEXTENTS 2147483645
  PCTINCREASE 0 FREELISTS 1 FREELIST GROUPS 1
  BUFFER_POOL DEFAULT FLASH_CACHE DEFAULT CELL_FLASH_CACHE DEFAULT)
  TABLESPACE "USERS"  ENABLE;
--------------------------------------------------------
--  Constraints for Table RECIPE
--------------------------------------------------------

  ALTER TABLE "ADMIN"."RECIPE" ADD PRIMARY KEY ("ID_RECIPE")
  USING INDEX PCTFREE 10 INITRANS 2 MAXTRANS 255 
  STORAGE(INITIAL 65536 NEXT 1048576 MINEXTENTS 1 MAXEXTENTS 2147483645
  PCTINCREASE 0 FREELISTS 1 FREELIST GROUPS 1
  BUFFER_POOL DEFAULT FLASH_CACHE DEFAULT CELL_FLASH_CACHE DEFAULT)
  TABLESPACE "USERS"  ENABLE;
--------------------------------------------------------
--  Constraints for Table PLATE
--------------------------------------------------------

  ALTER TABLE "ADMIN"."PLATE" ADD PRIMARY KEY ("ID_PLATE")
  USING INDEX PCTFREE 10 INITRANS 2 MAXTRANS 255 
  STORAGE(INITIAL 65536 NEXT 1048576 MINEXTENTS 1 MAXEXTENTS 2147483645
  PCTINCREASE 0 FREELISTS 1 FREELIST GROUPS 1
  BUFFER_POOL DEFAULT FLASH_CACHE DEFAULT CELL_FLASH_CACHE DEFAULT)
  TABLESPACE "USERS"  ENABLE;
--------------------------------------------------------
--  Ref Constraints for Table ALERTA
--------------------------------------------------------

  ALTER TABLE "ADMIN"."ALERTA" ADD FOREIGN KEY ("ID_ALERTA")
	  REFERENCES "ADMIN"."INGREDIENT" ("ID_INGR") ENABLE;
--------------------------------------------------------
--  Ref Constraints for Table INVOICE
--------------------------------------------------------

  ALTER TABLE "ADMIN"."INVOICE" ADD FOREIGN KEY ("ID_INVOICE")
	  REFERENCES "ADMIN"."ORDER_REST" ("ID_ORDER") ENABLE;
--------------------------------------------------------
--  Ref Constraints for Table ORDER_DETAIL
--------------------------------------------------------

  ALTER TABLE "ADMIN"."ORDER_DETAIL" ADD FOREIGN KEY ("ID_ORDER")
	  REFERENCES "ADMIN"."ORDER_REST" ("ID_ORDER") ENABLE;
  ALTER TABLE "ADMIN"."ORDER_DETAIL" ADD FOREIGN KEY ("ID_PLATE")
	  REFERENCES "ADMIN"."PLATE" ("ID_PLATE") ENABLE;
--------------------------------------------------------
--  Ref Constraints for Table ORDER_REST
--------------------------------------------------------

  ALTER TABLE "ADMIN"."ORDER_REST" ADD FOREIGN KEY ("TABLE_NUMBER")
	  REFERENCES "ADMIN"."TABLE_REST" ("ID_TABLE") ENABLE;
  ALTER TABLE "ADMIN"."ORDER_REST" ADD FOREIGN KEY ("ID_WAITER")
	  REFERENCES "ADMIN"."WAITER" ("ID_WAITER") ENABLE;
  ALTER TABLE "ADMIN"."ORDER_REST" ADD FOREIGN KEY ("PLATES")
	  REFERENCES "ADMIN"."PLATE" ("ID_PLATE") ENABLE;
--------------------------------------------------------
--  Ref Constraints for Table PLATE
--------------------------------------------------------

  ALTER TABLE "ADMIN"."PLATE" ADD FOREIGN KEY ("ID_CATEGORY")
	  REFERENCES "ADMIN"."CATEGORY" ("ID_CATEGORY") ENABLE;
--------------------------------------------------------
--  Ref Constraints for Table RECIPE
--------------------------------------------------------

  ALTER TABLE "ADMIN"."RECIPE" ADD FOREIGN KEY ("ID_RECIPE")
	  REFERENCES "ADMIN"."PLATE" ("ID_PLATE") ENABLE;
  ALTER TABLE "ADMIN"."RECIPE" ADD FOREIGN KEY ("INGREDIENT")
	  REFERENCES "ADMIN"."INGREDIENT" ("ID_INGR") ENABLE;
--------------------------------------------------------
--  Ref Constraints for Table STOCK
--------------------------------------------------------

  ALTER TABLE "ADMIN"."STOCK" ADD FOREIGN KEY ("ID_STOCK")
	  REFERENCES "ADMIN"."INGREDIENT" ("ID_INGR") ENABLE;
